BAG55029584;Corine Dawson;B;8A9S3F2OC;eiwirsy1vv8zdc8;76496982850416;OK
BAG85241883;Lindsay Hebert;E;QAT0B8KRX;angpv3hfmnk2mze;76497413315333;OK
BAG28290526;Carolina Sharp;B;8QRI1IKHQ;tzcfqdv5g4aefr3;76496918961833;OK
BAG73821490;Myles Combs;E;EAKFB0VG8;gvxh9nhg4f87eba;76497209543666;OK
BAG54165634;Avery Roman;B;LV35JP0X9;byj7lesmbf257ve;76496851392916;OK
BAG14489583;Debra Mason;B;H7WACJGFG;spd8mpx6w6h7v9r;76497006832791;OK
BAG73491456;Eddy Huffman;P;81D6BQ3QY;farwq36g7jq3vxn;76497144031208;OK
BAG78100244;Sue Holmes;E;XFJBO3F3K;nepvrxjs167m72p;76497304467666;OK
BAG49579569;Blake Stevenson;E;2E1LRK1I8;q8e8kmwf4fnp051;76497371714416;OK
BAG44039451;Marjorie Bailey;P;AAGK3CKG8;g942f99pbscgj3i;76497101616291;OK
BAG18151949;Aubrey Dunn;E;IS3CRLEYZ;fnat2qnr765pb28;76497300179916;OK
BAG82364655;Raymundo Krause;E;HTFC3AWEB;o2po66x99fo0dzj;76497355769875;OK
BAG02933266;Chelsea Sims;P;UB5RYEP9Q;p4m1yanloes9tsz;76497091045041;OK
BAG95845773;Helene Mack;E;RVLE0FNZY;6b8eun1p6b9lx33;76497186336916;OK
BAG70466659;Jamey Simpson;B;U6U7E8S6C;4uh3cmqat91nrnr;76496978853458;OK
BAG44975407;Jame Walsh;E;LMEYRWGO8;ug05m1rwdsvogkh;76497539860083;OK
BAG53825965;Erin Maddox;B;1XGKASTS3;tln26k4zxkm4kik;76497075088416;OK
BAG61279762;Lionel Kirby;B;VO7P6Q7X7;h5mg4zb4ow7wg3t;76497038275875;OK
BAG12830783;Darius Padilla;E;G3HXRXDVX;qryy040j8d5j3yo;76497293900416;OK
BAG88869724;Wilmer Short;E;IG9G6MWI8;zxsjdfj1uuyz97f;76497397380916;OK
BAG81278571;Adriana Bailey;E;O3103CY1I;l43o02uidw48ib1;76497423365833;OK
BAG60216432;Jodi Goodwin;B;JN50G850Q;ib3iaw7ws5mrh8d;76496886847500;OK
BAG55629811;Murray Douglas;E;3D60OAJFH;m1uelkit60ohnsd;76497168123833;OK
BAG59071358;Corine Dawson;B;8A9S3F2OC;eiwirsy1vv8zdc8;76496980985666;OK
BAG45519680;Earnestine Dodson;E;6ZAX1AZHL;m9z5z1q7746j5pa;76497281301333;OK
BAG43554385;Sheree Solis;E;Z555H2262;hr0d1c862h22ma3;76497289688333;OK
BAG34665137;Carly Macdonald;E;DV61CWX7T;u98wop2hynyack2;76497227048416;OK
BAG02278517;Malinda Jennings;B;NA06OJVUW;hqvn67c30fs7rea;76497018524875;OK
BAG76272864;Dawn Elliott;E;C6H9JP6Q5;fwxhofhwv9babeq;76497211609500;OK
BAG50931754;Kimberly Terrell;E;9VHUTIRH2;pv21jus50kg88m8;76497373742750;OK
BAG65899797;Joseph Stokes;E;INLSALQYR;4jp5cty7dki6t4r;76497597624375;OK
BAG32495397;Deirdre Valdez;E;U837AB3CU;w0c9mpgb44pa22i;76497296036791;OK
BAG55911349;Gilberto Shannon;P;XV41K7L7U;7ag7ahxbnpsef8i;76497113548125;OK
BAG34395844;Granville Hogan;E;EACJX6P2I;09b1ekas8xxin0m;76497554602583;OK
BAG84580409;Roderick Barr;E;YK72H7VEB;m8ekwjrm9ko0b1f;76497525548625;OK
BAG17323053;Eddy Huffman;P;81D6BQ3QY;farwq36g7jq3vxn;76497145866125;OK
BAG96605811;Hollis Perkins;E;M0KQVEK74;vdu37zu86u0dvzw;76497240502000;OK
BAG17431409;Jeanette Mcdaniel;B;GSZQV7M7K;q2qos167tcggmr7;76497084272791;OK
BAG07098813;Noelle Lozano;E;WLC1P3WP9;yhlurtl4ked84vf;76497375853833;OK
BAG17692014;Candy Clay;P;V0VYJR5LA;hh55z89nrs4f1i7;76497131415583;OK
BAG52144852;Carlo Jackson;E;RPPZ0ANVI;ngkf59m5avza0kw;76497562907958;OK
BAG31726215;Kayla Hanna;E;47Q3QPWXP;ru8r072w5m7sawg;76497421375666;OK
BAG66989445;Jacob Larson;E;1TOOHHTGT;12plo4kfs6rg5z5;76497451163708;OK
BAG43939904;Bennie Bray;P;J2FR59JOW;9m4zqfwf4bqi8tu;76497127248708;OK
BAG90978970;Issac Hampton;E;SAFFYRK53;zcidxxxcecnk0th;76497147984958;OK
BAG17467376;Laverne Chase;E;J3N392XQ7;vtjipa2bi9i1m97;76497552251583;OK
BAG36596578;Gladys Padilla;B;5T10YWT44;8c3y2hb38cr7wzv;76496833601458;OK
BAG98129808;Josue Whitaker;E;KLYTUBE9A;jau60jv2nhm023u;76497478154416;OK
BAG75572509;Adrian Ponce;E;P2UK4S6GF;3ey2eyy8ay7nfih;76497363545333;OK
BAG51324288;Samantha Patrick;B;A6HU0BIFL;f7zph1r1zdn8fqq;76496935113208;OK
BAG26788117;Quinn Love;B;VY5MH4S99;g4f8bofrzwopszc;76496939264583;OK
BAG10370097;Katheryn Jimenez;E;A7TEM98LZ;dn35di1munq40zp;76497521092875;OK
BAG10984373;Adolph Villa;B;OP63BB68D;dyxgi0zp4l0cwuq;76496949138958;OK
BAG34618977;Berry Coffey;E;1P2R2982Q;7yhe6iyyxhvwfiq;76497546146541;OK
BAG44374418;Colleen Cox;E;WE5NQPXPU;iz1c51day6ichyw;76497257768875;OK
BAG67644347;Bernadine Powell;B;JKEUK5AHI;6b96c30tnx71wo8;76496974756291;OK
BAG26153413;Sonya Serrano;E;HS02T06J0;7i50lam4nu1rnn4;76497399399666;OK
BAG67628662;Stephen Sampson;B;RAG2F9MDD;fuz2y3chqj92wt4;76497048356083;OK
BAG72623311;Lucinda Barrera;E;3QJB1LCD2;jim625srsfme5tr;76497351587000;OK
BAG25390070;Leigh Dougherty;B;L1BRLLZPF;e7zfjzaexwpsyde;76496844668250;OK
BAG63457959;Avery Roman;B;LV35JP0X9;byj7lesmbf257ve;76496847034958;OK
BAG80499715;Leigh Dougherty;B;L1BRLLZPF;e7zfjzaexwpsyde;76496840486458;OK
BAG81250321;Angelina Nicholson;P;D9IMQA6G5;mwxhn3mx7wejs1d;76497129205791;OK
BAG35326341;Dale Gamble;E;4MFMBXPHG;p8n9m59gto6irc8;76497583042166;OK
BAG10771841;Zelma Tyler;E;HDLABYWR9;5o4xts9kyjzlswa;76497174199958;OK
BAG17282316;Fernando Wilkins;E;VOLHT86XM;x1tav6ycn3lbg1t;76497345282708;OK
BAG55897416;Daron Glover;B;7HFMGK50V;f28ohd7z4n4nftw;76496927003708;OK
BAG75054698;Bill Trujillo;B;7RRYGMB05;uqaqer6798184ti;76497060764833;OK
BAG96198078;Myrtle Holt;E;GYNLPOATP;33uy39yz00khfdx;76497613970416;OK
BAG89381185;Emmitt Hodge;E;0XBE6R66V;bgepp9bo69mpjjs;76497437294583;OK
BAG00443020;Zane Burton;E;CMYXC7NNV;0izw1ebcp1f62hx;76497327536125;OK
BAG67756122;Denise Maddox;E;KR52PV1QC;k9gfvlgh1vaxe39;76497482342208;OK
BAG39000279;Devon Terrell;E;923HJ09PO;9k9gizkbel7kvqw;76497459175500;OK
BAG09078187;Rolf Carlson;E;B9PWQRGT4;7lc5mb3hzzahvrz;76497224797916;OK
BAG75870394;Lorene Reeves;E;UXAPZATJN;ac653oi3w1d324j;76497389310416;OK
BAG23421897;Lacy Galloway;B;FBSL9YHSU;d8rn48xx55pztar;76497070900541;OK
BAG27955071;Everette Hobbs;E;W6RA2SBTR;piq0y57evf23148;76497558807333;OK
BAG12018956;Tammy Stevenson;E;JMJWPXTQU;tn57a9x4wbvcoyz;76497502976333;OK
BAG93430625;Simon Bryan;E;D2PGO2DTJ;vnjjnu4f0u5huma;76497427374708;OK
BAG64536700;Taylor Day;E;36Y9PS2HW;7iym8976dho7fo3;76497188374333;OK
BAG10744381;Gus Juarez;B;73618V9CA;nkil02w8alkrkkm;76496904801000;OK
BAG60035875;Jewel Goodman;E;HOCBVOQ86;8w497rojsg1kv6w;76497272654500;OK
BAG87062502;Frankie Harding;E;C2RQOWCG6;v8uapbw4o0zgfaz;76497463037833;OK
BAG78994248;Eli Benson;E;G2TR3KVKF;mif4wuk5b7ja0z7;76497249214041;OK
BAG81796662;Dominic Guerrero;E;NHRW6BPJ0;gptc3e0j1ahs81r;76497353641458;OK
BAG06361546;Beatriz Yu;E;TN94HM0EM;yr4f5e175l5tj3q;76497523479375;OK
BAG45082773;Goldie Melendez;E;4712QLB51;0fsgyvpsbk26f9u;76497585120916;OK
BAG73953298;Everette Krueger;E;QZMZNWARO;rnppo8bqr1o2oml;76497160062291;OK
BAG46294983;Issac Frederick;B;J1MA51UL3;av27y2bny4qxzei;76497026417416;OK
BAG00766871;Gladys Padilla;B;5T10YWT44;8c3y2hb38cr7wzv;76496837882375;OK
BAG52911685;Grant Becker;B;JGDJ4DLOR;sxh51r5wl9544mi;76496987144916;OK
BAG68578062;Cheryl Moon;E;BQUXJ8O0O;dgf7z3t8c71xcl0;76497156109250;OK
BAG81660060;Brain Weaver;E;DTCK4JZNM;hlo9kppyj6hl9b8;76497409424833;OK
BAG91640337;Darwin Hill;E;VNOC933OY;0zdmpc61oev5jmk;76497194480041;OK
BAG86025275;Christina Cain;E;RT6VSJAWV;43uy4lnxs4oug15;76497285484958;OK
BAG47082555;Eusebio Townsend;E;BGXGPWB70;5yg9agep07kdpks;76497338669125;OK
BAG00915577;Domenic Rosales;E;I5VFQCRX3;k0vgmfcdzkk89qc;76497511277500;OK
BAG13592985;Britt Larsen;E;1G82HF4VR;hu4l2p88ow9qe7z;76497178193791;OK
BAG20719809;Leandro Gillespie;B;FFWBFLDPV;jnkdjo12lmebz3c;76497016513666;OK
BAG99578155;Deandre Ballard;E;R2Y57A7JL;91t0x17r2tepzgy;76497443255291;OK
BAG12763383;Ina Cook;E;XD2ULFR9B;alpd15iela28l3e;76497287523416;OK
BAG69413867;Britney Drake;B;S0149IJII;as7q5jpescqma4l;76496929031791;OK
BAG20093259;Leandro Gillespie;B;FFWBFLDPV;jnkdjo12lmebz3c;76497014603000;OK
BAG61865251;Humberto Villarreal;E;0GQ9XA57W;kth4f2cwwkfok60;76497507145333;OK
BAG26240204;Andre Knox;E;5ZV66O1AP;xba9ydjx6fye1x1;76497236183791;OK
BAG55795254;Darell Maxwell;E;0Y9NCXYLP;lm1yotduicqtco7;76497391295666;OK
BAG79238350;Erika Munoz;E;93XD1FAAW;pdlfmthfk42gzir;76497259941958;OK
BAG65411927;Terra Hicks;E;GH9D2HW9W;97i6w9c0yvcy09g;76497411351708;OK
BAG98644732;Ulysses Ford;E;DNTYJRRJ9;dd31z1aj7wwmi3j;76497205310875;OK
BAG03710146;Frieda Neal;B;166B07KLX;3rsrc03apc51dls;76496867194666;OK
BAG12746880;Gilberto Shannon;P;XV41K7L7U;7ag7ahxbnpsef8i;76497111567625;OK
BAG17039082;Donovan Hull;E;FH71IRBCP;m354cttvir8zxs7;76497543955458;OK
BAG98004873;Loren Wu;B;RK69JQFC8;99x4z636eqbqonk;76497024437625;OK
BAG58436538;Etta Jackson;E;6ZNOUSMQT;2v19fcdnl7a21ai;76497595598208;OK
BAG67041614;Sandra Wiggins;P;1SDFL0ASJ;ry97iva0jzi2138;76497105726541;OK
BAG65189858;Shauna Ortiz;P;71YPL8H5V;a66nm06cwkpran1;76497095150500;OK
BAG62982230;Harris Calhoun;E;7W11ZT1NP;v8eue8sup6attux;76497238374791;OK
BAG20861067;Dannie Miller;E;T7G9JTVKZ;9lhyqwyeolemfpu;76497515307458;OK
BAG66169499;Alva Joyce;E;3O6VYXWWR;o0s8elauowbwrs9;76497580998375;OK
BAG00086328;Lizzie Gill;E;PP3I5FLU2;aykuti471z0qefy;76497433346333;OK
BAG41133798;Damian Mays;E;86K3F5PUB;rddlhk14myg4nsk;76497164076666;OK
BAG05907160;Jefferey Nolan;E;H75XWUJBC;2m7z9hek5lugo82;76497182301458;OK
BAG30096372;Jess Whitney;E;BF1JEI0SA;yxf9fbbegb3bdnw;76497184306083;OK
BAG18023041;Jared Bolton;P;LMJYG18YQ;xmsweqvcf53ow4r;76497109580166;OK
BAG38104994;Riley Powell;E;1GID2C5BL;rv6sg2kbxf8k8kn;76497268470875;OK
BAG23004507;Horace Barajas;E;O24TE87P3;06kkhk5ib2rh072;76497302327083;OK
BAG35118386;Tomas Lang;E;TD94A2VER;gnfa4chimwv04w0;76497387257666;OK
BAG14838529;Gale Hickman;E;OW4H2450X;r9pjmd7618zxig7;76497471863916;OK
BAG30705477;Iva Salazar;E;MFJ9JMY0H;m9atmaodonvasrd;76497498918458;OK
BAG30487440;Tammie Saunders;P;BLA514C25;trwy5pev3y4x381;76497137760375;OK
BAG58037832;Malinda Jennings;B;NA06OJVUW;hqvn67c30fs7rea;76497020471250;OK
BAG51868902;Briana Ballard;E;BNS3VOQ5T;ay5l4ozcfli6n1g;76497283388250;OK
BAG93247919;Joyce Haas;E;TML7FKFS7;d9skoojxrwyn571;76497247143333;OK
BAG15073772;Jeanne Sawyer;B;NVVLGL6PY;rf3b8uyx7kw1mxm;76496991210541;OK
BAG59945361;Darell Barker;E;KHEX94RNT;qgk4nvt29ppcwev;76497488468541;OK
BAG40122321;Garry Barnett;E;L6RI6J4Z2;lcmajb2y8csk3x2;76497531752583;OK
BAG42684404;Meagan Ramsey;E;98NI18RU4;y3587uk78aox8mi;76497611932666;OK
BAG95770004;Jamie Espinoza;B;CTEZYD6ZB;4wypuxuermqnitv;76497054503291;OK
BAG88141602;Mayra Steele;B;19D1BXE4V;bgqztihklb5c17a;76496880539166;OK
BAG18102699;Britt Key;B;P4HSHJIKF;a3tr14or0slxuak;76497034286708;OK
BAG63140977;Rusty Gibbs;E;UEOHFOZ3T;mwvnx388lrhuodn;76497468839916;OK
BAG68930754;Joy Macias;B;4BSF9V0EZ;6k90nagu4m6ci7t;76496960847916;OK
BAG93135258;Darwin Mccann;B;8BWFQ0Q3K;0yieihqos0x77uu;76496912982000;OK
BAG14692055;Steven Castillo;E;IHDHQBGTS;fg010z4q1aa77zm;76497500931583;OK
BAG54992977;Georgina House;E;TW0ZR0PIR;8ea6jx3txms467h;76497276955291;OK
BAG57044215;Tommie Kent;E;2M9K8J3UY;wt3asen31vvd633;76497615991333;OK
BAG77873663;Adolph Villa;B;OP63BB68D;dyxgi0zp4l0cwuq;76496951054125;OK
BAG17469512;Tammie Saunders;P;BLA514C25;trwy5pev3y4x381;76497135795833;OK
BAG32968992;Erik Wong;B;BIFO6D9JF;a5nzey7tihnrtgu;76496806100125;OK
BAG14977994;Alison Santos;P;0499AYZZ7;ugomzqj6he0brhk;76497119409916;OK
BAG99465214;Darwin Mccann;B;8BWFQ0Q3K;0yieihqos0x77uu;76496914861041;OK
BAG30590275;Elizabeth Riddle;E;RI5CU0V75;rmgurp9jb543lox;76497244959833;OK
BAG78798506;Nancy Sherman;P;7OYEP2K8Z;ccjwf639o4twzc0;76497099485791;OK
BAG47754874;Paris Chen;E;H06IAPXK9;mqjtq4fk7utikxx;76497323350166;OK
BAG34768881;Gladys Padilla;B;5T10YWT44;8c3y2hb38cr7wzv;76496835790375;OK
BAG41672107;Guadalupe Simmons;E;EGAF9LCGG;z518kp2x1ib9kw6;76497162092875;OK
BAG36097067;Daron Glover;B;7HFMGK50V;f28ohd7z4n4nftw;76496925092000;OK
BAG84649962;Debra Mason;B;H7WACJGFG;spd8mpx6w6h7v9r;76497004952083;OK
BAG89883747;Carter Webb;E;L8OCQD817;wkus83irsbpq18y;76497465006875;OK
BAG27493459;Teddy Faulkner;E;2BIFMHTVD;rrowtzoxhaddytb;76497484380208;OK
BAG45676679;Darnell Hodge;E;B4UC4XHMV;bwjq1xn60i53ru6;76497591461041;OK
BAG39027669;Britney Drake;B;S0149IJII;as7q5jpescqma4l;76496932936708;OK
BAG50618377;Emmitt Madden;E;K50O89QOB;6oio2dvinymx7f4;76497312899375;OK
BAG08989964;Jamie Espinoza;B;CTEZYD6ZB;4wypuxuermqnitv;76497056561791;OK
BAG93532145;Leigh Dougherty;B;L1BRLLZPF;e7zfjzaexwpsyde;76496842557750;OK
BAG83295665;Reed Richards;P;NDPU6C39I;kbc6pd1ps1ophj5;76497123423125;OK
BAG70405481;Ward Suarez;E;WR3FP64X3;1cdwaqjsckzfyik;76497255614583;OK
BAG34838312;Virgilio Cummings;E;HCSLZPAYI;4qvggft80v8grw1;76497347384250;OK
BAG11328607;Mabel Richardson;E;CD2VTZ0EV;zjssxj4ql23b1vn;76497529697791;OK
BAG10614294;Billie Atkinson;E;CAO47P21P;bk86dgxp56mi3b8;76497306699916;OK
BAG91783203;Erin Maddox;B;1XGKASTS3;tln26k4zxkm4kik;76497073124958;OK
BAG47495649;Erik Wong;B;BIFO6D9JF;a5nzey7tihnrtgu;76496812491083;OK
BAG95308897;Marcelino Hartman;E;JEDEJO07D;5asccw2tstqv9yi;76497445328666;OK
BAG45150042;Elvin Hunt;B;99Q0PPE8L;hnpizhtoehz6isf;76496996933125;OK
BAG26385058;Luther Wheeler;E;E2T8689ZM;htntgiyzrj5f5hi;76497626187375;OK
BAG72707910;Vivian Kim;E;6F2VGVOZN;rczjdgaks7tftz1;76497343153791;OK
BAG45547151;Shauna Ortiz;P;71YPL8H5V;a66nm06cwkpran1;76497093199833;OK
BAG31425577;Britt Key;B;P4HSHJIKF;a3tr14or0slxuak;76497032436333;OK
BAG38492987;Joy Stafford;E;EH4OYL11H;tp4ue0apyl0xex8;76497535719833;OK
BAG07680886;Mauro Howard;E;K7QCH60HQ;z1att76kgynjs7y;76497624085375;OK
BAG72280224;Richard Brennan;E;47D4WFOT4;12qjgcrpi447qoi;76497381445333;OK
BAG78531542;Minh Middleton;E;D6FO2CU1Y;quolereqt0qyc2i;76497200061666;OK
BAG78103844;Byron Benson;E;USO04L7GX;x0t55yyfntiao1u;76497550195916;OK
BAG24704967;Quinn Love;B;VY5MH4S99;g4f8bofrzwopszc;76496943040000;OK
BAG22404103;Deangelo Chen;E;GYDQSJ2YJ;va56g6wv5qmgool;76497439322750;OK
BAG64036274;Allen Rowe;E;49UL0ATFC;nu4ipp8ms3s74cr;76497231696541;OK
BAG78554085;Laura Wilkerson;E;JLIT1RU9T;wicxe9m45suciwn;76497476005625;OK
BAG82416892;Rodney Donaldson;E;ADKMSUOEG;7ifby6qv72zpauo;76497321160958;OK
BAG82840790;Danny Knapp;E;TCM17QO4V;351dpvcjkjuby7v;76497589360541;OK
BAG91027469;Noe Carney;B;MZE18AXF0;8otv3glxrcxdx1h;76497010753500;OK
BAG62310539;Jean Jackson;P;5CJ4Q2B83;jn7gfq68upqrx05;76497088899666;OK
BAG06966761;Gus Juarez;B;73618V9CA;nkil02w8alkrkkm;76496901037250;OK
BAG23623393;Hilario Mcmahon;P;BQTSNCF6R;0w2y8p6sdl8tvbt;76497115519500;OK
BAG03712794;Willie Porter;E;4GNX2H522;fdq0tk19mf7fn8x;76497242715458;OK
BAG01915913;Jodi Goodwin;B;JN50G850Q;ib3iaw7ws5mrh8d;76496884872083;OK
BAG24540720;Mollie Lang;E;4FMXDRQ77;8c8gznpnvhj80w1;76497229462291;OK
BAG15776567;Dollie Obrien;E;XXWUPR5KL;227igsp8wdwj3of;76497449208916;OK
BAG32823648;Delmer Johnson;E;F3V78CDN7;178vsok87rntf22;76497319116375;OK
BAG89830106;Alissa Shaffer;E;6UGAS39JE;twzqviqsxr5fnj8;76497480206791;OK
BAG25338237;Roberto Armstrong;E;4PT7Y0HKQ;71w7415uk4y932e;76497599620000;OK
BAG57148055;Noe Carney;B;MZE18AXF0;8otv3glxrcxdx1h;76497008883250;OK
BAG80690783;Jamey Simpson;B;U6U7E8S6C;4uh3cmqat91nrnr;76496976829916;OK
BAG80790829;Misty Nguyen;B;0R617US8Y;erp9ql9ob0a3ygt;76497000810000;OK
BAG48390654;Jared Bolton;P;LMJYG18YQ;xmsweqvcf53ow4r;76497107684583;OK
BAG38045142;Tracy Cohen;E;U9Y1CIK9D;uddmzt3ks0z3gy4;76497310866750;OK
BAG73894237;Emerson Marks;B;2TUWFRNLO;ywmbo4tdzkgwxwi;76496878204750;OK
BAG21317177;George Goodwin;P;6G5M3L35H;ce5km8yiq2hmryu;76497139828750;OK
BAG61767224;Britney Drake;B;S0149IJII;as7q5jpescqma4l;76496930988833;OK
BAG93599869;Pierre Hurley;B;ZDTVA0QO0;f7t71qik0zyyczx;76496968899250;OK
BAG96710197;Janine Barber;E;R98I7T3A4;xkowjvdkma58p30;76497207444791;OK
BAG03251307;Aimee Galvan;E;NU1R4JN64;035wv6kkr24ws95;76497357849375;OK
BAG64594308;Earline Gould;E;6GAYV38QN;vykwhdvtsyxfgaw;76497291769583;OK
BAG48983805;Joshua Mcneil;E;0YRKT4TVS;yweev3t17j6x8n1;76497473973958;OK
BAG52221757;Hilario Mcmahon;P;BQTSNCF6R;0w2y8p6sdl8tvbt;76497117425458;OK
BAG20100620;Russell Cobb;E;PFRFKZBFH;07ic1lgrx6lic1t;76497274729000;OK
BAG07021922;Chadwick Carpenter;B;HNQGAXK43;m747zz3erat8wf7;76496873773750;OK
BAG95947963;Dusty Hood;E;7AEGXVPXH;lg1u29tap7v9ol3;76497369682125;OK
BAG21972398;Elbert Baldwin;E;4GP5R53XW;9zddp8c603zklz3;76497403353166;OK
BAG02785667;Quinn Love;B;VY5MH4S99;g4f8bofrzwopszc;76496941164250;OK
BAG33809897;Judith Compton;E;9PRTLTLBM;brun3ekl5jl52d5;76497308782500;OK
BAG03223637;Bridgette Mcdowell;E;0D903FOJU;fkjef6djyurupdt;76497192342000;OK
BAG38831005;Ida Benson;E;TP0ZIBFAL;znew12eki3e5xbp;76497395371166;OK
BAG90651227;Tessa Richards;E;RY7KQGX9I;bdld017ilknvgz7;76497505113416;OK
BAG73071305;Freda Mccann;E;JGVOM0A16;6rb4u5tqxqqfcsu;76497407445666;OK
BAG52179440;Paulette Hebert;E;9XUAR5QLF;raq2bw7nzoa7e14;76497417364833;OK
BAG83895617;Stephen Sampson;B;RAG2F9MDD;fuz2y3chqj92wt4;76497050235625;OK
BAG85413115;Misty Nguyen;B;0R617US8Y;erp9ql9ob0a3ygt;76496998938250;OK
BAG92668748;Krystal Dennis;E;BP0J4Y4SX;wg69g8tstnyw44o;76497593517291;OK
BAG39188820;Ricky Black;E;YJP1M1F8E;809ygbi6dmedmh5;76497190371125;OK
BAG95175803;Bettie Hendricks;E;204GGSJ4C;jxjsiclneg0q3em;76497203008833;OK
BAG20069569;Clement Kelley;E;CR5KOT67S;5szryeni5f46pc0;76497542020625;OK
BAG52056732;Arthur May;E;P6C57B68W;x3lh89xpjmf5oj4;76497548191000;OK
BAG32504488;Benito Caldwell;E;F2NQPGZGE;z3ojn6s0etrothm;76497630729166;OK
BAG20286599;Alfreda Christian;E;YM2SLB7BM;gplu1p37rhdpsrk;76497622094541;OK
BAG39847339;Jeanette Mcdaniel;B;GSZQV7M7K;q2qos167tcggmr7;76497082220500;OK
BAG85013548;Hannah Wells;E;W626OLEHC;0hwf3s6e9d9223b;76497607924583;OK
BAG51486987;Ada Cooke;E;Z98EUUIHP;jenhsswd6qydt5l;76497605891000;OK
BAG60091949;Erik Wong;B;BIFO6D9JF;a5nzey7tihnrtgu;76496810216083;OK
BAG59844183;Elliott Rush;E;BSOTIHEQ9;8v1bohz5ydm82lt;76497405416291;OK
BAG52371753;Cecelia Harrell;E;5KTVYZ3VY;as6bwubvjgbcqdd;76497560878333;OK
BAG46399959;Kristi Whitaker;E;K2IZ3VDFR;ocxw44aql4rngt8;76497340997250;OK
BAG66818930;Clyde Barrow;E;14O0JWN65;89cb6uebuccwdqg;76497603744708;OK
BAG04246283;Jordan Proctor;B;GK68LOCU3;vf33uxrshphsezm;76496955099541;OK
BAG53280962;Bobbie Benjamin;E;4ENX0DDO5;msifv91dnu97012;76497415273875;OK
BAG67671405;Jamie Espinoza;B;CTEZYD6ZB;4wypuxuermqnitv;76497058547708;OK
BAG01842663;Ronnie Logan;E;F21RBLQKM;eoky6jqa4aw59rz;76497152108500;OK
BAG04592813;Bill Trujillo;B;7RRYGMB05;uqaqer6798184ti;76497062768708;OK
BAG84107057;Bill Trujillo;B;7RRYGMB05;uqaqer6798184ti;76497064778458;OK
BAG25852950;Jordan Proctor;B;GK68LOCU3;vf33uxrshphsezm;76496956979458;OK
BAG39832555;Horacio Freeman;E;IW4FM8S82;7kk0maqhwywqlds;76497496848125;OK
BAG24965342;Mayra Steele;B;19D1BXE4V;bgqztihklb5c17a;76496882578833;OK
BAG23653093;Bernadine Powell;B;JKEUK5AHI;6b96c30tnx71wo8;76496970889958;OK
BAG47172461;Marguerite Ballard;E;AZY78YX3V;ce847dqingyspbu;76497574587791;OK
BAG81502951;Tracey Duarte;B;W45PH6KVS;cqr782jb9a4iptf;76496894974416;OK
BAG81430693;Jamaal Schroeder;E;XLX7AB8DJ;oa5oley0k5dgkrc;76497158115000;OK
BAG30467682;Nigel Dorsey;E;UXPXVN8TA;hb60uutsvl3nn30;76497461097333;OK
BAG01431544;Issac Frederick;B;J1MA51UL3;av27y2bny4qxzei;76497028337250;OK
BAG42648726;Franklin Kent;B;60OCYK1XP;whc1nk7kcig8l3j;76496862711416;OK
BAG10188562;Katina Ayala;E;NO4QC4XJI;vh7mypopi6yid1q;76497150128541;OK
BAG92836168;Van Mcintosh;B;94DOCLPBH;y000vitkkknivur;76496908897375;OK
BAG22680694;Travis Kaiser;E;HE0M0J2DY;3ovvjqd15c0mx4o;76497270512041;OK
BAG67147827;Lilia French;E;B0PWGGMXR;vjpnqaijl40w6gk;76497176188875;OK
BAG06183826;Van Mcintosh;B;94DOCLPBH;y000vitkkknivur;76496910914833;OK
BAG06137568;Bonnie Wise;E;NPMJ50Q7H;8dsr5tckmjaqj3y;76497492577291;OK
BAG13912318;Brittney Oliver;E;CVEFUOP7B;mymh5dwp2h3mvxn;76497509194583;OK
BAG37720775;Aurelia Poole;E;X6T4V8S9V;x63i3f2hbmdtlif;76497154069333;OK
BAG31402333;Neva Thompson;E;TEIQG1VEP;5dd9k6yq75yuu0c;76497425400250;OK
BAG58232622;Becky Stein;E;QF41HPSPO;xmj8hdjfabbk2ez;76497365624750;OK
BAG19661787;Dante Washington;E;UV6V2OG2C;di9bgjbv4dp4ew9;76497213685958;OK
BAG81081093;Clifford Marshall;E;9DV6JQ3B7;m5bd0177dxcbi8a;76497217973500;OK
BAG78860458;Aisha Mooney;E;Y3AP3LJ9S;m3ee6wmmew4fmmb;76497587225041;OK
BAG08547379;Marian Crosby;B;WJTMWESGG;zweaghgqu8c9obz;76496945193416;OK
BAG03372878;Robt Silva;E;HWMAYZLK9;qa78j7srjgocup4;76497233934041;OK
BAG73141702;Franklin Kent;B;60OCYK1XP;whc1nk7kcig8l3j;76496860613875;OK
BAG49432116;Grant Becker;B;JGDJ4DLOR;sxh51r5wl9544mi;76496985041625;OK
BAG85319038;Murray Mclaughlin;E;V0Q6W1S8D;x4xi2k1ke4qt62o;76497490522791;OK
BAG78723914;Cordell Hahn;B;CTP1VVQHW;51672frdk8qsujk;76496962938416;OK
BAG86264320;Cindy Grimes;E;1KLW29LG0;8t5w67capzkb5zd;76497435333000;OK
BAG48985438;Tracey Duarte;B;W45PH6KVS;cqr782jb9a4iptf;76496898873291;OK
BAG60398558;Dona Avery;E;WBAFB7DFO;qucdw4vep0blbcl;76497634666458;OK
BAG66305852;Daron Glover;B;7HFMGK50V;f28ohd7z4n4nftw;76496923169916;OK
BAG31721190;Joy Macias;B;4BSF9V0EZ;6k90nagu4m6ci7t;76496958982625;OK
BAG77755062;Britt Key;B;P4HSHJIKF;a3tr14or0slxuak;76497036161958;OK
BAG51400625;Merrill Sandoval;E;OXIGQ7ZK1;s85r98erxwq59pj;76497279179500;OK
BAG08184719;Kermit Randolph;E;JQUGC6W7A;3a2m635do82ty4k;76497251350291;OK
BAG68714915;Cary Howell;E;0Z3JOMDFC;63r0ymq4h1926sr;76497419367041;OK
BAG43867116;Caleb Michael;P;67GJED9UT;5w216xa2mmcgwtg;76497086524541;OK
BAG13880975;Young Campbell;E;VY91A048P;l0ootpwr7gblr1e;76497457226166;OK
BAG50103067;Homer Obrien;E;Y61WSC84E;we4lbrnfcl6q368;76497385332750;OK
BAG44434198;Edmundo Haley;E;ZPFQBSYEC;vey4hdyucwemjyf;76497513272041;OK
BAG44954774;Bonita Lozano;E;43E43Y8NU;ydhbug8fjrigudy;76497429339291;OK
BAG58548132;Nathaniel Reeves;E;BOL553EMN;86nlb4mvx09neiy;76497601727375;OK
BAG16207800;Eloise Mccarty;B;05HP58YH8;u4gvir03h8p1crj;76497046252833;OK
BAG75499300;Molly Hoffman;E;UM3BTWMMM;o69uxlxqj3ltbbn;76497170111291;OK
BAG31465739;Israel Robertson;E;2EMK4BPUY;1n5n91wjan668ai;76497377933958;OK
BAG51020483;Reed Richards;P;NDPU6C39I;kbc6pd1ps1ophj5;76497125280875;OK
BAG17436205;Mari Fisher;B;3XVDTRRI1;33s5g74ilod2i32;76496853700208;OK
BAG10619915;Elvin Hunt;B;99Q0PPE8L;hnpizhtoehz6isf;76496995071875;OK
BAG69763996;Issac Frederick;B;J1MA51UL3;av27y2bny4qxzei;76497030308416;OK
BAG52434489;Frieda Neal;B;166B07KLX;3rsrc03apc51dls;76496869247958;OK
BAG86565241;Nancy Sherman;P;7OYEP2K8Z;ccjwf639o4twzc0;76497097368666;OK
BAG85285783;Debra Mason;B;H7WACJGFG;spd8mpx6w6h7v9r;76497003013208;OK
BAG09465104;Emerson Marks;B;2TUWFRNLO;ywmbo4tdzkgwxwi;76496876158083;OK
BAG15423060;Mari Fisher;B;3XVDTRRI1;33s5g74ilod2i32;76496858189166;OK
BAG81189525;Santos Mccall;P;UOEQVB6FU;zj4gmh3eb9kverp;76497133617250;OK
BAG93991721;Ada Dean;E;NOJGPYKH8;q5un50zf2r54pm7;76497576793875;OK
BAG44815813;Lacy Galloway;B;FBSL9YHSU;d8rn48xx55pztar;76497066959625;OK
BAG99868926;Jonas Stone;E;OM8WRSASU;e8ewaqbyrvb80iv;76497619999708;OK
BAG34995692;Celeste Austin;E;25B2HDDHX;rr0ggtyfmwncp7w;76497222485291;OK
BAG68900895;Anibal Compton;E;VJ267OWOO;6hfmadtnc8r4hjg;76497215762125;OK
BAG52485319;Delbert Mclaughlin;E;WHX443GOU;kq8t0hb2z2fig1r;76497329603375;OK
BAG03171464;Geraldo Gross;E;71DS92WTG;47kpfpo4tosgyv3;76497486391583;OK
BAG05423509;Eloise Mccarty;B;05HP58YH8;u4gvir03h8p1crj;76497042325333;OK
BAG09944448;Bonnie Gray;E;R9GM19O1Z;hkatel3a2ts1uz9;76497556815041;OK
BAG53157951;Erin Welch;E;MN9KG8VAY;kw4i6x3yw51513i;76497455155916;OK
BAG81781848;Avery Roman;B;LV35JP0X9;byj7lesmbf257ve;76496849208750;OK
BAG23614970;Rachel Bauer;E;8KHSGB36Q;kvmqzxu1vogxxc0;76497334178166;OK
BAG32729228;Cordell Hahn;B;CTP1VVQHW;51672frdk8qsujk;76496964950958;OK
BAG82297120;Jewell Wilcox;E;1DETECF65;g09v8usfkzt5h80;76497453113875;OK
BAG18082139;Stewart Ellison;E;UNM5P9HYE;x6ujjztpu47skgj;76497578946458;OK
BAG57780699;Jeremiah Meyer;E;YO6EP6M4Z;kencgb53eqsdo8q;76497314952041;OK
BAG38749583;Kristine Christensen;E;ZVRPF0MS1;1k8duusvra980b3;76497527561750;OK
BAG28731897;Billy Salas;E;CPOUF1EBT;y1vbk3omun7ckva;76497325468541;OK
BAG30114443;Teri Daugherty;E;EB8VNG7B1;oxjllt1nxo4y0hy;76497393294208;OK
BAG00092846;Pierre Hurley;B;ZDTVA0QO0;f7t71qik0zyyczx;76496967046041;OK
BAG60137323;Adolph Villa;B;OP63BB68D;dyxgi0zp4l0cwuq;76496952930458;OK
BAG05424167;Lionel Kirby;B;VO7P6Q7X7;h5mg4zb4ow7wg3t;76497040146666;OK
BAG11324850;Lacy Galloway;B;FBSL9YHSU;d8rn48xx55pztar;76497068959833;OK
BAG97669894;Marian Crosby;B;WJTMWESGG;zweaghgqu8c9obz;76496947083541;OK
BAG43036623;Eloise Mccarty;B;05HP58YH8;u4gvir03h8p1crj;76497044313291;OK
BAG31714796;Brittney Snyder;E;N1R085D1C;2hl0idfemntvxga;76497266322250;OK
BAG28296012;Kathleen Snyder;E;O2R7RO1HG;rsziw8h0j7umesf;76497349471541;OK
BAG90447396;Alison Santos;P;0499AYZZ7;ugomzqj6he0brhk;76497121392708;OK
BAG07215726;Chadwick Carpenter;B;HNQGAXK43;m747zz3erat8wf7;76496871672791;OK
BAG60062733;Lilian Newton;E;69LREI68B;d7bygkqrore628y;76497172177583;OK
BAG22110928;Frieda Neal;B;166B07KLX;3rsrc03apc51dls;76496865091666;OK
BAG39662125;Shayne Richardson;E;CP0G0IVCB;rnk6zib1uqalo9m;76497383388750;OK
BAG03587848;Antonia Hawkins;E;A6EI1F42S;a4nrrepzvfdtwnx;76497253402208;OK
BAG26573773;Rosendo Stephens;E;2XMO5F81A;dl6tqgirjhn0wm9;76497564987666;OK
BAG14371109;Chas Mcclain;E;BGNTGICN6;35epex3ay8audgf;76497632727250;OK
BAG40482362;Jerold Oconnor;E;DN362Q8E8;3xic8dv5rrp4m6e;76497316984291;OK
BAG06142674;Carolina Sharp;B;8QRI1IKHQ;tzcfqdv5g4aefr3;76496920871250;OK
BAG22876370;Dirk Norris;E;KRH2V5UAX;xkrldoh5nr2nwcv;76497568956708;OK
BAG77806047;Gus Juarez;B;73618V9CA;nkil02w8alkrkkm;76496902911041;OK
BAG48668528;Garfield Quinn;E;76HHU0MWE;lizfckvysijk4ot;76497431322416;OK
BAG07101218;Myron Clements;E;F6I8RLFAF;ue1d6z7ppbp7w2q;76497567019041;OK
BAG32920617;Leandro Gillespie;B;FFWBFLDPV;jnkdjo12lmebz3c;76497012768791;OK
BAG29984564;Jeffrey Dickerson;E;ESNQIJYB3;dtskt0xlzw6osnj;76497367652708;OK
BAG01601503;Lance Riddle;E;MHZRQ5O5V;1knvh4qf04dp3k7;76497447302125;OK
BAG92900213;Van Mcintosh;B;94DOCLPBH;y000vitkkknivur;76496906963125;OK
BAG57679294;Lawanda Buck;E;CG5DRZQNT;e93yphko5xdfzem;76497401418458;OK
BAG96471784;Mari Fisher;B;3XVDTRRI1;33s5g74ilod2i32;76496856049458;OK
BAG10899070;Stephen Sampson;B;RAG2F9MDD;fuz2y3chqj92wt4;76497052221333;OK
BAG06888834;Carey Hernandez;E;KYVUMUQD9;zgofxcym1rmy8af;76497264242833;OK
BAG03846248;Ana Hogan;E;8FZE5ZZW4;kuidjqn0b1tq5xu;76497298142875;OK
BAG43724540;Jeanne Sawyer;B;NVVLGL6PY;rf3b8uyx7kw1mxm;76496993058000;OK
BAG69253931;Jules Molina;P;9CBY6I97S;14363noeukllab7;76497141884958;OK
BAG24452796;Allison Mccoy;E;QQS3LV3WT;34989hzakvoq3rz;76497262126041;OK
BAG22927638;Sebastian Cardenas;E;POWP4EV3H;5n4aoafoa3ugtiq;76497609941333;OK
BAG51214107;Cherie Morris;E;1WDP0263B;s3rmh052dgryk5o;76497180302041;OK
BAG32433588;Gary Bennett;E;BLO6GSC0A;rk00hombqmcglcq;76497517443750;OK
BAG51111546;Deloris Austin;E;PY0KE9K2H;58113f4ttblplg9;76497331871708;OK
BAG89599086;Herschel Powers;E;U4LYB8XP2;po4y88ali0afw3u;76497220215333;OK
BAG48092847;Rena Ray;E;ORFGDECG3;6uawucgda8ktc5h;76497166081875;OK
BAG16653192;Daryl Ramsey;E;V84AM01ZE;6nhdqgt751yo35x;76497441278166;OK
BAG75864914;Tiffany Rosario;E;AATOWXYFL;9x1siyimrrzf9bb;76497494710458;OK
BAG61639629;Carolina Sharp;B;8QRI1IKHQ;tzcfqdv5g4aefr3;76496917005041;OK
BAG49625132;Samantha Patrick;B;A6HU0BIFL;f7zph1r1zdn8fqq;76496937022708;OK
BAG55860882;Marco Harper;P;AJQ9D2J8J;pny1195v2o671j6;76497103670708;OK
BAG50753728;Florentino Mcfarland;E;8CXLWGAV6;0b5ksmle6vbu7cu;76497537769750;OK
BAG43560089;Tracey Duarte;B;W45PH6KVS;cqr782jb9a4iptf;76496896987625;OK
BAG65609511;Loren Wu;B;RK69JQFC8;99x4z636eqbqonk;76497022544875;OK
BAG19199338;Grant Becker;B;JGDJ4DLOR;sxh51r5wl9544mi;76496989122083;OK
BAG61405455;Bernadine Powell;B;JKEUK5AHI;6b96c30tnx71wo8;76496972862375;OK
BAG03521113;Shelby Mercado;E;JIGHL3428;njfwmag37ju924y;76497618002291;OK
